{
  "id": "2265100",
  "name": "vue项目",
  "font_family": "iconfont",
  "css_prefix_text": "icon-",
  "description": "",
  "glyphs": [
    {
      "icon_id": "7258288",
      "name": "教师管理",
      "font_class": "jiaoshiguanli",
      "unicode": "e626",
      "unicode_decimal": 58918
    },
    {
      "icon_id": "14516999",
      "name": "学生",
      "font_class": "xuesheng",
      "unicode": "e613",
      "unicode_decimal": 58899
    },
    {
      "icon_id": "1127367",
      "name": "用户",
      "font_class": "user",
      "unicode": "e607",
      "unicode_decimal": 58887
    },
    {
      "icon_id": "10416462",
      "name": "统计分析",
      "font_class": "tongjifenxi",
      "unicode": "e61a",
      "unicode_decimal": 58906
    },
    {
      "icon_id": "14055543",
      "name": "课程",
      "font_class": "kecheng",
      "unicode": "e60f",
      "unicode_decimal": 58895
    },
    {
      "icon_id": "15394728",
      "name": "密码",
      "font_class": "mima1",
      "unicode": "e609",
      "unicode_decimal": 58889
    },
    {
      "icon_id": "15407498",
      "name": "成绩",
      "font_class": "chengji",
      "unicode": "e612",
      "unicode_decimal": 58898
    },
    {
      "icon_id": "7964497",
      "name": "密码",
      "font_class": "mima",
      "unicode": "e62f",
      "unicode_decimal": 58927
    }
  ]
}
